"Reading ID","Post-Compressor (bits)","Pre-Evaporator (bits)","Post-Evaporator (vals)","Pre-Compressor (vals)","Test (vals)","Time (s)"
"1","0","0","5.059850953752175","5.963884497759864","5.663275397615507","0"
"2","0","0","5.335445517906919","5.180318648228422","5.118569907732308","1.009"
"3","0","0","5.7448585263919085","5.831519531086087","5.639166553271934","2.017"
"4","0","0","5.920419463422149","5.107127209426835","5.042457279283553","3.023"
"5","0","0","5.090485860593617","5.088778758654371","5.595088894246146","4.033"
"6","0","0","5.7488288909662515","5.598001786042005","5.769994436064735","5.028"
