"Reading ID","Post-Compressor (bits)","Pre-Evaporator (bits)","Post-Evaporator (vals)","Pre-Compressor (vals)","Test (vals)","Time (s)"
"1","0","0","5.899727490730584","5.509541404666379","5.167279597604647","0"
"2","0","0","5.912136326311156","5.713605780620128","5.951816457090899","0.996"
"3","0","0","5.017098299460486","5.781372969737276","5.430178669746965","1.992"
