"Reading ID","Post-Compressor (bits)","Pre-Evaporator (bits)","Post-Evaporator (vals)","Pre-Compressor (vals)","Test (vals)","Time (s)"
"1","0","0","5.9376781159080565","5.272966390941292","5.612555256579071","0"
"2","0","0","5.05353657156229","5.4484157839324325","5.143276888877153","0.998"
"3","0","0","5.305143501376733","5.081994408974424","5.135934829013422","1.995"
